{"+D7mGvBPOvBI5EdIh5SmDg==":"groomsul_logo-122x146.png","p4A1brt+twIvgW1gc6NOjA==":"groomsul_logo-1341x1602.png","Xcu3hpsYZg7UqhzM0SEFng==":"mbr-982x655.jpg","v9bZ1JXLg11uzgTGayLU8w==":"mbr-1920x1279.jpg","NTJkmXAKcY0tWLkUHFd6nw==":"mbr-1920x639.jpg","gP3H25FKtbYU9ia/0E2NIw==":"mbr-1626x1080.jpg","r0vphCyJ+QtMjQI5uD2+jw==":"whatsapp%20image%202021-06-09%20at%2018.13.49-1080x710.jpg","1xscsw5GFvF3gV3eIdkgpA==":"whatsapp%20image%202021-06-09%20at%2018.15.56-1080x720.jpg","tZ0uU0ElRSGesHpqsKcuDA==":"whatsapp%20image%202021-06-09%20at%2018.15.55-982x654.jpg","aCWnGWIODjJi2y7jAS4tHw==":"whatsapp%20image%202021-06-09%20at%2018.15.56-1080x720.jpeg","TSoZjFMjIN3zIo1HkGqUBw==":"whatsapp%20image%202021-06-09%20at%2018.17.02-1065x709.jpg","ak8/trLCP6m6dbWkiSp+Hw==":"whatsapp%20image%202021-06-09%20at%2018.16.33-1080x720.jpg","Up9CPnQGE1PKxH9PRGv/Zw==":"whatsapp%20image%202021-06-09%20at%2018.15.56%20(2)-1000x1500.jpg","xC76KTyMZBfzBbe+l76h7A==":"whatsapp%20image%202021-06-09%20at%2018.15.56%20(2)-1000x1500.jpeg","K5DzmbianTc5xpOnC7PaRg==":"whatsapp%20image%202021-06-09%20at%2018.15.56%20(1)-1080x720.jpg","426xgDsUfUC+2vEemktXhQ==":"whatsapp%20image%202021-06-09%20at%2018.15.55%20(2)-1013x675.jpg","qtRc049SotNGsLfJdJVxeA==":"whatsapp%20image%202021-06-09%20at%2018.15.06-1080x717.jpg","Z9s34PIHDRRwxIFmInuKJg==":"whatsapp-image-2021-06-09-at-18.15.55-2-1013x675-800x533.jpg","dHha5MA61Wu/NNIhXABQsw==":"whatsapp-image-2021-06-09-at-18.15.06-1080x717-800x531.jpg","MEBkY6Z6KBl8H6Rxjz7KkA==":"whatsapp-image-2021-06-09-at-18.17.02-1065x709-800x533.jpg","Ey5IYA7zFM24KY25DN7U3Q==":"whatsapp%20image%202021-06-11%20at%2012.31.02-1280x475.jpg","pbuiu6piTHpd/i+VCZQ4yQ==":"c%C3%B3pia%20de%20c%C3%B3pia%20de%20vem%20a%C3%8D-1350x500.png","cFMqfNPoCcVUBnZzqFef5w==":"whatsapp%20image%202021-06-10%20at%2023.57.07-706x706.jpg","uaoGAAepnbsjEvXmJEueZA==":"whatsapp%20image%202021-06-11%20at%2000.00.50-554x561.jpg","sT80Y4RCGNBrSInGgrjIuA==":"background3.jpg","R7mbUq4vPYMBoTGCdnrDsg==":"whatsapp%20image%202021-06-11%20at%2023.08.38-658x877.jpg","pa5Dkwo/T1qgW/t0h+fQvA==":"background5.jpg","G/OOd3L8OdEvliTdLByrSg==":"whatsapp%20image%202021-06-10%20at%2023.58.38-750x1000.jpg","JrYgHLrTT3l2BeQGD2FCbQ==":"whatsapp%20image%202021-06-10%20at%2023.59.36-706x1069.jpg","CnGAXGnmFa6Z6fq/+bNeGA==":"whatsapp%20image%202021-06-11%20at%2000.03.05-540x1140.jpg","ihNwFrX7/5jFt81mZGBPrQ==":"whatsapp%20image%202021-06-11%20at%2000.04.43-706x1255.jpg","J/X+ptzWw+hLHrQW1xN1dQ==":"whatsapp%20image%202021-06-10%20at%2023.55.24-750x998.jpg","qpB/10pkXj5tGA8klN0EmA==":"whatsapp%20image%202021-06-10%20at%2023.53.37-706x692.jpg"}